                  epoch,         train/box_loss,         train/cls_loss,         train/dfl_loss,   metrics/precision(B),      metrics/recall(B),       metrics/mAP50(B),    metrics/mAP50-95(B),           val/box_loss,           val/cls_loss,           val/dfl_loss,                 lr/pg0,                 lr/pg1,                 lr/pg2
                      0,                 1.4951,                 2.8788,                  1.928,                0.00342,                      1,                0.66333,                0.46499,                0.96244,                 3.1979,                 1.4643,             0.00026672,             0.00026672,             0.00026672
                      1,                 1.2831,                 2.1192,                 1.6697,                0.43387,                0.79272,                 0.8025,                0.51183,                 1.0937,                 3.0393,                 1.6646,             0.00053922,             0.00053922,             0.00053922
                      2,                 1.2238,                 1.7806,                 1.5954,                0.78518,                0.71879,                  0.995,                0.68391,                 1.3517,                 2.4592,                 2.0183,             0.00080049,             0.00080049,             0.00080049
                      3,                 1.1867,                 1.4735,                 1.5033,                0.60933,                      1,                 0.9125,                0.58479,                 1.1967,                 2.9124,                 1.7686,              0.0010505,              0.0010505,              0.0010505
